Services,Type
House Cleaning,Main
Lawn Mowing and Trimming,Main
Interior Design,Main
Handyman,Main
Roof Repair or Maintenance,Main
General Contracting,Main
Personal Training,Main
Massage Therapy,Main
Life Coaching,Main
Private Yoga Instruction,Main
Private Pilates Instruction,Main
Nutritionist,Main
Dog Walking,Main
Pet Sitting,Main
Aquarium Services,Main
Cat Grooming,Main
Statistical Data Analysis,Main
Accounting,Main
Corporate Law Attorney,Main
Logo Design,Main
Computer Repair,Main
Business Tax Preparation,Main
DJ,Main
Wedding Officiant,Main
Wedding and Event Catering,Main
Wedding and Event Makeup,Main
Photo Booth Rental,Main
Bartending,Main
Singing Lessons,Main
Piano Lessons,Main
Private Self Defense Lessons,Main
Reading and Writing Tutoring,Main
Math Tutoring,Main
Private Yoga Instruction,Main
Above Ground Swimming Pool Installation,Peripheral
Air Quality and Environmental Testing,Peripheral
Appliance Installation,Peripheral
Appliance Repair or Maintenance,Peripheral
Architectural Services,Peripheral
Artificial Turf Installation,Peripheral
Asbestos Removal,Peripheral
Asphalt Installation,Peripheral
Asphalt Repair and Maintenance,Peripheral
Basement Finishing or Remodeling,Peripheral
Bathroom Remodel,Peripheral
Bed Bug Extermination,Peripheral
Brick or Stone Repair,Peripheral
Cabinet Installation,Peripheral
Cabinet Painting,Peripheral
Cabinet Refinishing and Repair,Peripheral
Cabinetry,Peripheral
Carpet Cleaning,Peripheral
Carpet Installation,Peripheral
Carpet Removal,Peripheral
Carpet Repair or Partial Replacement,Peripheral
Central Air Conditioning Installation or Replacement,Peripheral
Central Air Conditioning Repair or Maintenance,Peripheral
Circuit Breaker Panel or Fuse Box Installation,Peripheral
Circuit Breaker Panel or Fuse Box Repair,Peripheral
Closet Remodel,Peripheral
Closet and Shelving System Installation,Peripheral
Commercial Carpet Cleaning,Peripheral
Commercial Cleaning,Peripheral
Concrete Installation,Peripheral
Concrete Removal,Peripheral
Concrete Repair and Maintenance,Peripheral
Construction Services,Peripheral
Countertop Installation,Peripheral
Countertop Repair or Maintenance,Peripheral
Custom Cabinet Building,Peripheral
Custom Furniture Building,Peripheral
Deck Staining and Sealing,Peripheral
Deck or Porch Remodel or Addition,Peripheral
Deck or Porch Repair,Peripheral
Demolition Services,Peripheral
Dishwasher Installation,Peripheral
Door Installation,Peripheral
Door Repair,Peripheral
Drywall Installation and Hanging,Peripheral
Drywall Repair and Texturing,Peripheral
Duct and Vent Cleaning,Peripheral
Duct and Vent Installation or Removal,Peripheral
Duct and Vent Repair,Peripheral
Dumpster Rental,Peripheral
Electrical and Wiring Repair,Peripheral
Emergency Plumbing,Peripheral
Engraving,Peripheral
Epoxy Floor Coating,Peripheral
Excavation Services,Peripheral
Exterior Painting,Peripheral
Fan Installation,Peripheral
Faux Finishing or Painting,Peripheral
Fence Painting,Peripheral
Fence and Gate Installation,Peripheral
Fence and Gate Repairs,Peripheral
Finish Carpentry,Peripheral
Fireplace and Chimney Cleaning or Repair,Peripheral
Fireplace and Chimney Installation,Peripheral
Fitness Equipment Assembly,Peripheral
Floor Cleaning,Peripheral
Floor Installation or Replacement,Peripheral
Floor Painting or Coating,Peripheral
Floor Polishing,Peripheral
Floor Repair,Peripheral
Foundation Repair,Peripheral
Framing Carpentry,Peripheral
Full Service Lawn Care,Peripheral
Furniture Assembly,Peripheral
Furniture Delivery,Peripheral
Furniture Moving and Heavy Lifting,Peripheral
Furniture Refinishing,Peripheral
Furniture Repair,Peripheral
Furniture Upholstery,Peripheral
Garage Addition or Remodel,Peripheral
Garage Door Installation or Replacement,Peripheral
Garage Door Repair,Peripheral
"Garage, Basement or Attic Cleaning",Peripheral
Garbage Disposal Installation,Peripheral
Garbage Disposal Repair,Peripheral
Gardening,Peripheral
Gas Line Installation,Peripheral
Gazebo Installation and Construction,Peripheral
General Carpentry,Peripheral
General Contracting,Peripheral
Generator Installation,Peripheral
Generator Repair,Peripheral
Gutter Cleaning and Maintenance,Peripheral
Gutter Installation or Replacement,Peripheral
Gutter Repair,Peripheral
Handyman,Peripheral
Hardwood Floor Refinishing,Peripheral
Heating System Installation or Replacement,Peripheral
Heating System Repair or Maintenance,Peripheral
Holiday Lighting Installation and Removal,Peripheral
Home Inspection,Peripheral
Home Modification for Accessibility,Peripheral
Home Organizing,Peripheral
Home Remodeling,Peripheral
Home Security System Repair,Peripheral
Home Security and Alarms Install,Peripheral
Home Staging,Peripheral
Home Theater System Installation or Replacement,Peripheral
Home Theater System Repair or Service,Peripheral
Home Waterproofing,Peripheral
Hot Tub Moving,Peripheral
Hot Tub and Spa Cleaning and Maintenance,Peripheral
Hot Tub and Spa Installation,Peripheral
Hot Tub and Spa Repair,Peripheral
House Cleaning,Peripheral
House Sitting,Peripheral
In-Ground Swimming Pool Construction,Peripheral
Insulation Installation or Upgrade,Peripheral
Interior Design,Peripheral
Interior Painting,Peripheral
Junk Removal,Peripheral
Kitchen Remodel,Peripheral
Land Clearing,Peripheral
Land Leveling and Grading,Peripheral
Land Surveying,Peripheral
Lawn Mower Repair,Peripheral
Lawn Mowing and Trimming,Peripheral
Lighting Installation,Peripheral
Local Moving (under 50 miles),Peripheral
Lock Installation and Repair,Peripheral
Long Distance Moving,Peripheral
Masonry Construction Services,Peripheral
Metalwork,Peripheral
Mold Inspection and Removal,Peripheral
Mulching,Peripheral
Muralist,Peripheral
New Home Construction,Peripheral
Odor Removal,Peripheral
Office Moving,Peripheral
Outdoor Landscaping and Design,Peripheral
Outdoor Mosquito Control Services,Peripheral
Outdoor Pesticide Application,Peripheral
Packing and Unpacking,Peripheral
Paint Removal,Peripheral
Patio Cover and Awning Services,Peripheral
Patio Remodel or Addition,Peripheral
Pest Control Services,Peripheral
Pest Inspection,Peripheral
Piano Moving,Peripheral
Picture Hanging and Art Installation,Peripheral
Plastering,Peripheral
Play Equipment Construction and Assembly,Peripheral
Plumbing Drain Repair,Peripheral
Plumbing Inspection,Peripheral
Plumbing Pipe Installation or Replacement,Peripheral
Plumbing Pipe Repair,Peripheral
Pool Table Moving,Peripheral
Pool Table Repair Services,Peripheral
Popcorn Texture Removal,Peripheral
Powder Coating,Peripheral
Pressure Washing,Peripheral
Property Management,Peripheral
Radon Mitigation,Peripheral
Railing Installation or Remodel,Peripheral
Real Estate Agent Services,Peripheral
Real Estate Appraisal,Peripheral
Rodent and Animal Removal,Peripheral
Roof Cleaning,Peripheral
Roof Inspection,Peripheral
Roof Installation or Replacement,Peripheral
Roof Repair or Maintenance,Peripheral
Room Remodel,Peripheral
Rug Cleaning,Peripheral
Satellite Dish Services,Peripheral
Screen Installation or Replacement,Peripheral
Septic System Installation or Replacement,Peripheral
"Septic System Repair, Maintenance or Inspection",Peripheral
Shower and Bathtub Installation or Replacement,Peripheral
Shower and Bathtub Repair,Peripheral
Shrub Trimming and Removal,Peripheral
Siding Installation,Peripheral
Siding Removal,Peripheral
Siding Repair,Peripheral
Sink or Faucet Installation or Replacement,Peripheral
Sink or Faucet Repair,Peripheral
Smart Home Installation or Repair,Peripheral
Snow Plowing,Peripheral
Sod Installation,Peripheral
Solar Panel Cleaning,Peripheral
Solar Panel Installation and Repair,Peripheral
Sound Proofing,Peripheral
Sprinkler and Irrigation System Installation,Peripheral
Sprinkler and Irrigation System Repair and Maintenance,Peripheral
"Stair Installation, Remodel, or Repair",Peripheral
Structural Engineering Services,Peripheral
Stucco Application,Peripheral
Stucco Repair,Peripheral
Sump Pump Installation or Replacement,Peripheral
"Swimming Pool Cleaning, Maintenance, and Inspection",Peripheral
Swimming Pool Inspection,Peripheral
Swimming Pool Removal,Peripheral
Swimming Pool Repair,Peripheral
Switch and Outlet Installation,Peripheral
Switch and Outlet Repair,Peripheral
TV Mounting,Peripheral
TV Repair Services,Peripheral
Termite Control Services,Peripheral
Termite Inspection,Peripheral
Thermostat Installation or Repair,Peripheral
Tile Installation and Replacement,Peripheral
Tile Repair,Peripheral
Tile and Grout Cleaning,Peripheral
Toilet Installation or Replacement,Peripheral
Toilet Repair,Peripheral
Tree Planting,Peripheral
Tree Stump Grinding and Removal,Peripheral
Tree Trimming and Removal,Peripheral
Trim or Molding Installation,Peripheral
Upholstery and Furniture Cleaning,Peripheral
Wallpaper Installation or Repair,Peripheral
Wallpaper Removal,Peripheral
Water Damage Cleanup and Restoration,Peripheral
Water Feature Installation,Peripheral
Water Feature Repair and Maintenance,Peripheral
Water Heater Installation or Replacement,Peripheral
Water Heater Repair or Maintenance,Peripheral
Water Treatment Repair or Maintenance,Peripheral
Water Treatment System Installation or Replacement,Peripheral
Weatherization,Peripheral
Weeding,Peripheral
Well System Work,Peripheral
Window Cleaning,Peripheral
Window Installation,Peripheral
Window Repair,Peripheral
Window Tinting,Peripheral
Window Treatment Installation or Repair,Peripheral
"Window, Wall, or Portable AC Repair or Maintenance",Peripheral
Wiring Installation,Peripheral
Alternative Healing,Peripheral
Astrology Reading,Peripheral
Facial Treatments,Peripheral
Family Counseling,Peripheral
Health and Wellness Coaching,Peripheral
Hypnotherapy,Peripheral
Life Coaching,Peripheral
Marriage and Relationship Counseling,Peripheral
Massage Therapy,Peripheral
Nutritionist,Peripheral
Palm Reading,Peripheral
Personal Training,Peripheral
Physical Therapy,Peripheral
Private Pilates Instruction,Peripheral
Private Tai Chi Instruction,Peripheral
Private Yoga Instruction,Peripheral
Spiritual Counseling,Peripheral
Tarot Card Reading,Peripheral
Therapy and Counseling,Peripheral
Animal Training and Behavior Modification (Non-canine),Peripheral
Aquarium Services,Peripheral
Cat Grooming,Peripheral
Dog Daycare,Peripheral
Dog Fence Installation,Peripheral
Dog Grooming,Peripheral
Dog Training,Peripheral
Dog Walking,Peripheral
Pet Boarding,Peripheral
Pet Sitting,Peripheral
3D Modeling,Peripheral
Accounting,Peripheral
Administrative Support,Peripheral
Animation,Peripheral
Business Consulting,Peripheral
Business Tax Preparation,Peripheral
Computer Repair,Peripheral
Contracts Attorney,Peripheral
Corporate Law Attorney,Peripheral
Court Interpreting,Peripheral
Criminal Defense Attorney,Peripheral
DUI Attorney,Peripheral
Data Recovery Service,Peripheral
Disability Attorney,Peripheral
Divorce Attorney,Peripheral
E-commerce Consulting,Peripheral
Electronic Machine Repair,Peripheral
Engineering and Technical Design,Peripheral
Estate Attorney,Peripheral
Exercise Equipment Repair,Peripheral
Family Law Attorney,Peripheral
Genealogy,Peripheral
Graphic Design,Peripheral
Illustrating,Peripheral
Immigration Attorney,Peripheral
Individual Tax Preparation,Peripheral
Intellectual Property Attorney,Peripheral
International Law Attorney,Peripheral
Labor and Employment Attorney,Peripheral
Legal Document Preparation,Peripheral
Logo Design,Peripheral
Marketing,Peripheral
Mediation,Peripheral
Mobile Design,Peripheral
Network Support Services,Peripheral
Notarization,Peripheral
Payroll Services,Peripheral
Personal Bankruptcy Attorney,Peripheral
Personal Financial Planning,Peripheral
Personal Injury Attorney,Peripheral
Phone or Tablet Repair,Peripheral
Presentation Design,Peripheral
Printer and Copier Repair,Peripheral
Private Investigation,Peripheral
Process Serving,Peripheral
Project Management,Peripheral
Public Relations,Peripheral
Real Estate Attorney,Peripheral
Recruiting,Peripheral
Resume Writing,Peripheral
Security and Body Guard Services,Peripheral
Social Media Marketing,Peripheral
Software Development,Peripheral
Statistical Data Analysis,Peripheral
Tax Attorney,Peripheral
Telemarketing and Telesales Services,Peripheral
Traffic Law Attorney,Peripheral
Translation,Peripheral
Virus Removal Services,Peripheral
Web Design,Peripheral
Web Hosting,Peripheral
Wills and Estate Planning,Peripheral
Writing and Editing Services,Peripheral
AV Equipment Rental for Events,Peripheral
Aerial Photography,Peripheral
"Alterations, Tailoring, and Clothing Design",Peripheral
Animal Show Entertainment,Peripheral
Audio Recording,Peripheral
Balloon Decorations,Peripheral
Balloon Twisting,Peripheral
Barbecue and Grill Services,Peripheral
Bartending,Peripheral
Boudoir Photography,Peripheral
Bounce House and Party Inflatables Rental,Peripheral
Bridal Stylist,Peripheral
Calligraphy,Peripheral
Candy Buffet Services,Peripheral
Caricaturing,Peripheral
Charter Bus Rental,Peripheral
Circus Entertainment,Peripheral
Clown Entertainment,Peripheral
Comedy Entertainment,Peripheral
Commercial Photography,Peripheral
Costumed Character Entertainment,Peripheral
Custom Airbrushing,Peripheral
DJ,Peripheral
Dance Entertainment,Peripheral
Embroidery,Peripheral
Engagement Photography,Peripheral
Event Florist,Peripheral
Event Help and Wait Staff,Peripheral
Event Planning,Peripheral
Event Security & Bouncer Services,Peripheral
Face Painting,Peripheral
Fishing Trip Guide Services,Peripheral
Food Truck or Cart Services,Peripheral
Games and Concession Rental,Peripheral
Hair Coloring and Highlights,Peripheral
Headshot Photography,Peripheral
Henna Tattooing,Peripheral
Impersonating,Peripheral
Jewelry Services,Peripheral
Karaoke Machine Rental,Peripheral
Limousine and Chauffeur Services,Peripheral
MC and Host Services,Peripheral
Magician,Peripheral
Motivational Speaking,Peripheral
Music Entertainment,Peripheral
Nature Photography,Peripheral
Party Bus Rental,Peripheral
Party Favors,Peripheral
Pastry Chef and Cake Making Services,Peripheral
Personal Chef,Peripheral
Pet Photography,Peripheral
Photo Booth Rental,Peripheral
"Photo Editing, Scanning and Restoration",Peripheral
Portrait Artistry,Peripheral
Portrait Photography,Peripheral
Quilting and Crochet,Peripheral
Real Estate and Architectural Photography,Peripheral
Scrapbooking,Peripheral
Singing Telegram,Peripheral
Sommelier Services & Lessons,Peripheral
Songwriting,Peripheral
Sports Photography,Peripheral
Tarot and Psychic Reader Entertainment,Peripheral
Temporary Tattoo Artistry,Peripheral
Travel Agency Services,Peripheral
Valet Parking,Peripheral
Ventriloquist & Puppet Entertainment,Peripheral
Video Booth Rental,Peripheral
Video Editing,Peripheral
Video Production,Peripheral
Video Streaming and Webcasting Services,Peripheral
Video Transfer Services,Peripheral
Wardrobe Consulting,Peripheral
Wedding Cakes,Peripheral
Wedding Coordination,Peripheral
Wedding Dance Lessons,Peripheral
Wedding Florist,Peripheral
Wedding Officiant,Peripheral
Wedding Planning,Peripheral
Wedding and Event Catering,Peripheral
Wedding and Event Decorating,Peripheral
Wedding and Event Hair Styling,Peripheral
Wedding and Event Invitations,Peripheral
Wedding and Event Makeup,Peripheral
Wedding and Event Photography,Peripheral
Wedding and Event Venue Rental,Peripheral
Wedding and Event Videography,Peripheral
Wine Tastings and Tours,Peripheral
Acting Lessons,Peripheral
Arabic Lessons,Peripheral
Audio Production Lessons,Peripheral
Banjo Lessons,Peripheral
Baseball Lessons,Peripheral
Basketball Lessons,Peripheral
Bass Guitar Lessons,Peripheral
CPR and First Aid Training,Peripheral
Cello Lessons,Peripheral
Chess Lessons,Peripheral
College Admissions Counseling,Peripheral
Computer Lessons,Peripheral
Drawing Lessons,Peripheral
Driving Lessons,Peripheral
Drum Lessons,Peripheral
ESL (English as a Second Language) Lessons,Peripheral
Flute Lessons,Peripheral
French Lessons,Peripheral
German Lessons,Peripheral
Golf Lessons,Peripheral
Graphic Design Instruction,Peripheral
Guitar Lessons,Peripheral
Italian Lessons,Peripheral
Japanese Lessons,Peripheral
Korean Lessons,Peripheral
Makeup Artistry Lessons,Peripheral
Mandarin Lessons,Peripheral
Math Tutoring,Peripheral
Meditation Instruction,Peripheral
Music Theory Lessons,Peripheral
Painting Lessons,Peripheral
Photography Lessons,Peripheral
Piano Lessons,Peripheral
Piano Tuning,Peripheral
Portuguese Lessons,Peripheral
Private Cooking Lessons,Peripheral
Private Dance Lessons,Peripheral
Private Horseback Riding Lessons,Peripheral
Private Self Defense Lessons,Peripheral
Private Swim Lessons,Peripheral
Private Tennis Instruction,Peripheral
Public Speaking Lessons,Peripheral
Reading and Writing Tutoring,Peripheral
Reiki Lessons,Peripheral
Saxophone Lessons,Peripheral
Science Tutoring,Peripheral
Sewing Lessons,Peripheral
Sign Language Lessons,Peripheral
Singing Lessons,Peripheral
Soccer Lessons,Peripheral
Social Sciences Tutoring,Peripheral
Softball Lessons,Peripheral
Spanish Lessons,Peripheral
Test Prep Services,Peripheral
Violin Lessons,Peripheral
Voice Over Lessons,Peripheral
Volleyball Lessons,Peripheral
Custom Airbrushing,Peripheral
Embroidery,Peripheral
Engraving,Peripheral
Illustrating,Peripheral
Portrait Artistry,Peripheral
Powder Coating,Peripheral
Scrapbooking,Peripheral
Songwriting,Peripheral
Animation,Peripheral
Engineering and Technical Design,Peripheral
Graphic Design,Peripheral
Illustrating,Peripheral
Logo Design,Peripheral
Presentation Design,Peripheral
Software Development,Peripheral
Contracts Attorney,Peripheral
Corporate Law Attorney,Peripheral
Court Interpreting,Peripheral
Disability Attorney,Peripheral
Estate Attorney,Peripheral
Immigration Attorney,Peripheral
Intellectual Property Attorney,Peripheral
International Law Attorney,Peripheral
Labor and Employment Attorney,Peripheral
Legal Document Preparation,Peripheral
Mediation,Peripheral
Personal Injury Attorney,Peripheral
Process Serving,Peripheral
Radon Mitigation,Peripheral
Real Estate Attorney,Peripheral
Tax Attorney,Peripheral
Traffic Law Attorney,Peripheral
Wills and Estate Planning,Peripheral
Astrology Reading,Peripheral
Family Counseling,Peripheral
Genealogy,Peripheral
House Sitting,Peripheral
Life Coaching,Peripheral
Mediation,Peripheral
Palm Reading,Peripheral
Private Investigation,Peripheral
Spiritual Counseling,Peripheral
Tarot Card Reading,Peripheral
Wardrobe Consulting,Peripheral
Aerial Photography,Peripheral
Boudoir Photography,Peripheral
Commercial Photography,Peripheral
Engagement Photography,Peripheral
Headshot Photography,Peripheral
Nature Photography,Peripheral
Pet Photography,Peripheral
Portrait Photography,Peripheral
Sports Photography,Peripheral
Video Editing,Peripheral
Appliance Installation,Peripheral
Computer Repair,Peripheral
Data Recovery Service,Peripheral
Exercise Equipment Repair,Peripheral
Network Support Services,Peripheral
Phone or Tablet Repair,Peripheral
Pool Table Repair Services,Peripheral
Printer and Copier Repair,Peripheral
Resume Writing,Peripheral
Translation,Peripheral
