Service,Rating,Type,Zip Code
DJ Stallion Entertainment,5,DJ,95814
Wendell ' DJ Dub T' Thomas,5,DJ,95814
Azure Entertainment,5,DJ,95814
MCC-Master Of Ceremonies & Celebrations,5,DJ,95814
A Big Ticket Sound Experience,5,DJ,95814
Cory Entertainment,5,DJ,95814
"A ""Nuthin But Flava"" Flight",5,DJ,95814
PC Entertainment,5,DJ,95814
Souli,5,DJ,95814
ZAEL,5,DJ,95814
Ghost Light Events and Productions,5,DJ,95814
Duse Beatz Productions,5,DJ,95814
Maximus Multimedia DJ Services,5,DJ,95814
Burnett Entertainment & DJ Services,5,DJ,95814
DJ Melly Mel Productions,1,DJ,95814
A-Romantherapy Productions LLC,,DJ,95814
Parker Sounding Board,5,DJ,95814
Scout Creative,5,DJ,95814
